﻿<?xml version="1.0" encoding="UTF-8" standalone="yes"?>
<addon id="repository.GTA-Store" name="GTA-Store" version="0.0.2" provider-name="GTA Soft">
	<extension point="xbmc.addon.repository" name="GTA-Store Add-on Repository">
		<info compressed="false">https://raw.githubusercontent.com/Gelson157/GTA-Store/master/addons.xml</info>
		<checksum>https://raw.githubusercontent.com/Gelson157/GTA-Store/master/addons.xml.md5</checksum>
		<datadir zip="true">https://raw.githubusercontent.com/Gelson157/GTA-Store/master/repo/</datadir>
	</extension>
	<extension point="xbmc.addon.metadata">
		<summary>**</summary>
		<description>**</description>
		<disclaimer></disclaimer>
		<platform>all</platform>
	</extension>
</addon>